id	domain	points	mode	requires	title
A01	architecture	2	live	core	Read the live discovery surface
A02	architecture	3	live	core	Scope a temporary client identity
A03	architecture	3	live	core	Repair a restricted reader
A04	architecture	2	live	core	Run a non-API consumer without a token
A05	architecture	2	live	core	Check both sides of the permission boundary
A06	architecture	2	live	core	Classify an uninstalled API extension
A07	architecture	2	simulation	helm	Render a local release without installing it
A08	architecture	2	live	core	Promote a local overlay into the lab
A09	architecture	2	read-only	core	Locate control-plane services without host access
A10	architecture	2	read-only	talosctl	Triage Talos services without repair
A11	architecture	3	simulation	core	Decide whether restore is permitted
A12	architecture	3	disposable-kubeadm	kubeadm	Bootstrap a disposable cluster only
A13	architecture	3	disposable-kubeadm	kubeadm	Upgrade an isolated kubeadm pair only
A14	architecture	2	read-only	core	Check the API serving certificate
A15	architecture	2	read-only	core	Inventory admission without changing it
A16	architecture	2	simulation	core	Model an operator install offline
A17	architecture	3	simulation	core	Assess one failure before expanding HA
A18	architecture	2	simulation	core	Render a component overlay offline
W01	workloads	2	live	core	Create a Deployment with resources
W02	workloads	2	live	core	Perform and inspect a rolling update
W03	workloads	2	live	core	Roll back a Deployment
W04	workloads	2	live	core	Create a Job and CronJob
W05	workloads	2	live	core	Create a node-spanning DaemonSet
W06	workloads	2	live	core	Create a StatefulSet with stable identity
W07	workloads	2	live	core	Use ConfigMap and Secret projections
W08	workloads	2	live	core	Apply node affinity and pod anti-affinity
W09	workloads	2	simulation	core	Use taints and tolerations safely
W10	workloads	2	conditional	metrics	Configure an HPA
W11	workloads	2	live	core	Use probes and security context
W12	workloads	2	live	core	Use init and sidecar containers
W13	workloads	2	live	core	Protect availability during disruptions
N01	networking	2	live	core	Repair the front door
N02	networking	2	live	core	Publish a headless peer list
N03	networking	2	live	core	Recover a missing catalog endpoint
N04	networking	2	simulation	core	Resolve a search-path incident offline
N05	networking	3	simulation	core	Design isolated client egress offline
N06	networking	2	simulation	core	Draft the legacy entrypoint offline
N07	networking	2	simulation	core	Translate the entrypoint into header routing
N08	networking	2	live	core	Repair an incorrect backend port
N09	networking	2	simulation	core	Triage a DNS timeout without editing CoreDNS
N10	networking	1	live	core	Check the repaired service through a local tunnel
N11	networking	2	simulation	core	Model two service exposures without applying them
S01	storage	2	live	core	Restore the shared workspace
S02	storage	3	simulation	core	Repair an offline archive binding
S03	storage	2	conditional	storageclass	Bind a disposable data claim
S04	storage	2	read-only	core	Inventory storage without mutating it
S05	storage	2	conditional	expandable	Grow a bound disposable claim
S06	storage	2	simulation	core	Protect an offline records volume
T01	troubleshooting	2	live	core	Repair a broken Deployment image
T02	troubleshooting	2	live	core	Repair failed readiness
T03	troubleshooting	2	live	core	Repair an unschedulable Pod
T04	troubleshooting	2	live	core	Repair Service routing
T05	troubleshooting	2	live	core	Diagnose DNS from a Pod
T06	troubleshooting	2	live	core	Use logs and previous logs
T07	troubleshooting	2	live	core	Use events and describe
T08	troubleshooting	2	conditional	metrics	Inspect resource usage
T09	troubleshooting	2	read-only	core	Assess node conditions and capacity
T10	troubleshooting	2	read-only	talosctl	Inspect container runtime and kubelet
T11	troubleshooting	3	read-only	talosctl	Diagnose control-plane and etcd health
T12	troubleshooting	2	live	core	Debug with an ephemeral container
